<?xml version='1.0' encoding='UTF-8'?>
<project default="obfuscate" 
         basedir="." 
         name="obfuscate-com.tibco.tct.fos.feature_1.1.0.DEV-2016-03-28-0831-YANNIS" >
    <patternset id="yguard.preserve.serialization.pattern" >
        <include name="com.tibco.**" />
    </patternset>

    <target name="-gather-bin-parts-com.tibco.tct.fom.help.doc-release-update-obfuscate" >
        <yguard2 >
            <inoutpair in="E:\work\repo\builder\tt\output\tbuild\candidates\amxext\tools\FOS\2016-03-28-0905.YANNIS\jar\debug\plugins\com.tibco.tct.fom.help.doc_1.1.0.DEV-2016-03-28-0831-YANNIS.jar" 
                       out="E:\work\repo\builder\tt\output\tbuild\candidates\amxext\tools\FOS\2016-03-28-0905.YANNIS\jar\release\plugins\com.tibco.tct.fom.help.doc_1.1.0.DEV-2016-03-28-0831-YANNIS.jar" />
            <externalclasses >
                <pathelement location="F:\worksoftware\Java\jdk1.6.0_31\jre\lib/rt.jar" />
                <pathelement location="F:\worksoftware\Java\jdk1.6.0_31\jre\lib/jsse.jar" />
                <pathelement location="F:\worksoftware\Java\jdk1.6.0_31\jre\lib/jce.jar" />
            </externalclasses>
            <rename conservemanifest="true" 
                    replaceClassNameStrings="true" 
                    logfile="E:\tct1\build-artifacts\yguard2-com.tibco.tct.fom.help.doc_1.1.0.DEV-2016-03-28-0831-YANNIS.map.gz" >
                <property name="error-checking" 
                          value="pedantic" />
                <property value="mix" 
                          name="naming-scheme" />
                <property value="com.tibco.tct.fom.help.doc" 
                          name="obfuscation-prefix" />
                <property value="Deprecated" 
                          name="expose-attributes" />
                <keep runtimevisibleannotations="true" 
                      runtimevisibleparameterannotations="true" 
                      runtimeinvisibleparameterannotations="false" 
                      localvariabletable="false" 
                      sourcefile="true" 
                      runtimeinvisibleannotations="false" 
                      linenumbertable="true" 
                      localvariabletypetable="false" >
                    <class classes="public" 
                           methods="protected" 
                           fields="protected" >
                        <patternset >
                            <include name="**" />
                        </patternset>
                    </class>
                    <class methods="protected" 
                           implements="java.io.Serializable" 
                           fields="private" />
                    <field name="serialVersionUID" >
                        <patternset refid="yguard.preserve.serialization.pattern" />
                    </field>
                    <method name="void writeObject(java.io.ObjectOutputStream)" >
                        <patternset refid="yguard.preserve.serialization.pattern" />
                    </method>
                    <method name="void readObject(java.io.ObjectInputStream)" >
                        <patternset refid="yguard.preserve.serialization.pattern" />
                    </method>
                    <method name="java.lang.Object writeReplace()" >
                        <patternset refid="yguard.preserve.serialization.pattern" />
                    </method>
                    <method name="java.lang.Object readResolve()" >
                        <patternset refid="yguard.preserve.serialization.pattern" />
                    </method>
                    <method name="void readObjectNoData()" >
                        <patternset refid="yguard.preserve.serialization.pattern" />
                    </method>
                </keep>
            </rename>
        </yguard2>
    </target>

    <target name="-gather-bin-parts-com.tibco.tct.fom.database-release-extension-obfuscate" >
        <yguard2 >
            <inoutpair out="E:\work\repo\builder\tt\output\tbuild\candidates\amxext\tools\FOS\2016-03-28-0905.YANNIS\release\eclipse\plugins\com.tibco.tct.fom.database_1.1.0.DEV-2016-03-28-0831-YANNIS\tct-fom-database.jar" 
                       in="E:\work\repo\builder\tt\output\tbuild\candidates\amxext\tools\FOS\2016-03-28-0905.YANNIS\debug\plugins\com.tibco.tct.fom.database_1.1.0.DEV-2016-03-28-0831-YANNIS\tct-fom-database.jar" />
            <inoutpair in="E:\work\repo\builder\tt\output\tbuild\candidates\amxext\tools\FOS\2016-03-28-0905.YANNIS\debug\plugins\com.tibco.tct.fom.database_1.1.0.DEV-2016-03-28-0831-YANNIS\commons-codec-1.4.jar" 
                       out="E:\work\repo\builder\tt\output\tbuild\candidates\amxext\tools\FOS\2016-03-28-0905.YANNIS\release\eclipse\plugins\com.tibco.tct.fom.database_1.1.0.DEV-2016-03-28-0831-YANNIS\commons-codec-1.4.jar" />
            <externalclasses >
                <pathelement location="F:\worksoftware\Java\jdk1.6.0_31\jre\lib/rt.jar" />
                <pathelement location="F:\worksoftware\Java\jdk1.6.0_31\jre\lib/jsse.jar" />
                <pathelement location="F:\worksoftware\Java\jdk1.6.0_31\jre\lib/jce.jar" />
                <pathelement location="E:\work\repo\builder\tt\output\tbuild\configurations\lblm\amxext\tools\FOS\extensionLoc\eclipse\plugins\com.tibco.customwizard_1.4.0.008.jar" />
                <pathelement location="E:\work\repo\builder\tt\tools\eclipse-sdk-3.4.2\plugins\org.eclipse.ui_3.4.2.M20090204-0800.jar" />
                <pathelement location="E:\work\repo\builder\tt\tools\eclipse-sdk-3.4.2\plugins\org.eclipse.core.runtime_3.4.0.v20080512.jar" />
                <pathelement location="E:\work\repo\builder\tt\tools\eclipse-sdk-3.4.2\plugins\org.eclipse.osgi_3.4.3.R34x_v20081215-1030.jar" />
                <pathelement location="E:\work\repo\builder\tt\tools\eclipse-sdk-3.4.2\plugins\org.eclipse.equinox.common_3.4.0.v20080421-2006.jar" />
                <pathelement location="E:\work\repo\builder\tt\tools\eclipse-sdk-3.4.2\plugins\org.eclipse.core.jobs_3.4.1.R34x_v20081128.jar" />
                <pathelement location="E:\work\repo\builder\tt\tools\eclipse-sdk-3.4.2\plugins\org.eclipse.equinox.registry_3.4.0.v20080516-0950.jar" />
                <pathelement location="E:\work\repo\builder\tt\tools\eclipse-sdk-3.4.2\plugins\org.eclipse.core.runtime.compatibility.registry_3.2.200.v20080610\runtime_registry_compatibility.jar" />
                <pathelement location="E:\work\repo\builder\tt\tools\eclipse-sdk-3.4.2\plugins\org.eclipse.equinox.preferences_3.2.201.R34x_v20080709.jar" />
                <pathelement location="E:\work\repo\builder\tt\tools\eclipse-sdk-3.4.2\plugins\org.eclipse.core.contenttype_3.3.0.v20080604-1400.jar" />
                <pathelement location="E:\work\repo\builder\tt\tools\eclipse-sdk-3.4.2\plugins\org.eclipse.core.runtime.compatibility.auth_3.2.100.v20070502.jar" />
                <pathelement location="E:\work\repo\builder\tt\tools\eclipse-sdk-3.4.2\plugins\org.eclipse.equinox.app_1.1.0.v20080421-2006.jar" />
                <pathelement location="E:\work\repo\builder\tt\tools\eclipse-sdk-3.4.2\plugins\org.eclipse.osgi.services_3.1.200.v20071203.jar" />
                <pathelement location="E:\work\repo\builder\tt\tools\eclipse-sdk-3.4.2\plugins\javax.servlet_2.4.0.v200806031604.jar" />
                <pathelement location="E:\work\repo\builder\tt\tools\eclipse-sdk-3.4.2\plugins\org.eclipse.swt_3.4.2.v3452b.jar" />
                <pathelement location="E:\work\repo\builder\tt\tools\eclipse-sdk-3.4.2\plugins\org.eclipse.swt.win32.win32.x86_3.4.1.v3452b.jar" />
                <pathelement location="E:\work\repo\builder\tt\tools\eclipse-sdk-3.4.2\plugins\org.eclipse.jface_3.4.2.M20090107-0800.jar" />
                <pathelement location="E:\work\repo\builder\tt\tools\eclipse-sdk-3.4.2\plugins\org.eclipse.core.commands_3.4.0.I20080509-2000.jar" />
                <pathelement location="E:\work\repo\builder\tt\tools\eclipse-sdk-3.4.2\plugins\org.eclipse.ui.workbench_3.4.2.M20090127-1700.jar" />
                <pathelement location="E:\work\repo\builder\tt\tools\eclipse-sdk-3.4.2\plugins\org.eclipse.help_3.3.102.v20081014_34x.jar" />
                <pathelement location="E:\work\repo\builder\tt\tools\eclipse-sdk-3.4.2\plugins\org.eclipse.core.expressions_3.4.1.r342_v20081203-0800.jar" />
                <pathelement location="E:\work\repo\builder\tt\tools\eclipse-sdk-3.4.2\plugins\org.eclipse.jface.databinding_1.2.1.M20080827-0800a.jar" />
                <pathelement location="E:\work\repo\builder\tt\tools\eclipse-sdk-3.4.2\plugins\org.eclipse.core.databinding_1.1.1.M20080827-0800b.jar" />
                <pathelement location="E:\work\repo\builder\tt\tools\eclipse-sdk-3.4.2\plugins\com.ibm.icu_3.8.1.v20080530.jar" />
                <pathelement location="E:\work\repo\builder\tt\tools\eclipse-sdk-3.4.2\plugins\org.eclipse.core.resources_3.4.2.R34x_v20090126.jar" />
                <pathelement location="E:\work\repo\builder\tt\tools\eclipse-sdk-3.4.2\plugins\org.eclipse.ant.core_3.2.0.v20080529.jar" />
                <pathelement location="E:\work\repo\builder\tt\tools\eclipse-sdk-3.4.2\plugins\org.eclipse.core.variables_3.2.100.v20080529-1300.jar" />
                <pathelement location="E:\work\repo\builder\tt\tools\eclipse-sdk-3.4.2\plugins\org.eclipse.core.filesystem_1.2.0.v20080604-1400.jar" />
                <pathelement location="E:\work\repo\builder\tt\tools\eclipse-sdk-3.4.2\plugins\org.eclipse.core.filesystem.win32.x86_1.1.0.v20080604-1400.jar" />
                <pathelement location="E:\work\repo\builder\tt\tools\eclipse-sdk-3.4.2\plugins\org.eclipse.core.resources.compatibility_3.4.0.v20080604-1400.jar" />
                <pathelement location="E:\work\repo\builder\tt\tools\eclipse-sdk-3.4.2\plugins\org.eclipse.core.resources.win32.x86_3.4.0.v20071204.jar" />
                <pathelement location="E:\work\repo\builder\tt\tools\eclipse-sdk-3.4.2\plugins\org.eclipse.ui.workbench.compatibility_3.2.0.I20080509-2000\compatibility.jar" />
                <pathelement location="E:\work\repo\builder\tt\output\tbuild\configurations\lblm\amxext\tools\FOS\extensionLoc\eclipse\plugins\com.tibco.tpcl.org.nuxeo.xforms.core_1.4.0.001\org.nuxeo.xforms.core.jar" />
                <pathelement location="E:\work\repo\builder\tt\output\tbuild\configurations\lblm\amxext\tools\FOS\extensionLoc\eclipse\plugins\com.tibco.tpcl.org.nuxeo.xforms.ui_1.4.0.001\org.nuxeo.xforms.ui.jar" />
                <pathelement location="E:\work\repo\builder\tt\tools\eclipse-sdk-3.4.2\plugins\org.eclipse.ui.forms_3.3.103.v20081027_34x.jar" />
                <pathelement location="E:\work\repo\builder\tt\output\tbuild\configurations\lblm\amxext\tools\FOS\extensionLoc\eclipse\plugins\com.tibco.tct.framework_1.4.0.030\tct.jar" />
                <pathelement location="E:\work\repo\builder\tt\tools\eclipse-sdk-3.4.2\plugins\org.apache.ant_1.7.0.v200803061910\lib\ant.jar" />
                <pathelement location="E:\work\repo\builder\tt\tools\eclipse-sdk-3.4.2\plugins\org.apache.ant_1.7.0.v200803061910\lib\ant-antlr.jar" />
                <pathelement location="E:\work\repo\builder\tt\tools\eclipse-sdk-3.4.2\plugins\org.apache.ant_1.7.0.v200803061910\lib\ant-apache-bcel.jar" />
                <pathelement location="E:\work\repo\builder\tt\tools\eclipse-sdk-3.4.2\plugins\org.apache.ant_1.7.0.v200803061910\lib\ant-apache-bsf.jar" />
                <pathelement location="E:\work\repo\builder\tt\tools\eclipse-sdk-3.4.2\plugins\org.apache.ant_1.7.0.v200803061910\lib\ant-apache-log4j.jar" />
                <pathelement location="E:\work\repo\builder\tt\tools\eclipse-sdk-3.4.2\plugins\org.apache.ant_1.7.0.v200803061910\lib\ant-apache-oro.jar" />
                <pathelement location="E:\work\repo\builder\tt\tools\eclipse-sdk-3.4.2\plugins\org.apache.ant_1.7.0.v200803061910\lib\ant-apache-regexp.jar" />
                <pathelement location="E:\work\repo\builder\tt\tools\eclipse-sdk-3.4.2\plugins\org.apache.ant_1.7.0.v200803061910\lib\ant-apache-resolver.jar" />
                <pathelement location="E:\work\repo\builder\tt\tools\eclipse-sdk-3.4.2\plugins\org.apache.ant_1.7.0.v200803061910\lib\ant-commons-logging.jar" />
                <pathelement location="E:\work\repo\builder\tt\tools\eclipse-sdk-3.4.2\plugins\org.apache.ant_1.7.0.v200803061910\lib\ant-commons-net.jar" />
                <pathelement location="E:\work\repo\builder\tt\tools\eclipse-sdk-3.4.2\plugins\org.apache.ant_1.7.0.v200803061910\lib\ant-jai.jar" />
                <pathelement location="E:\work\repo\builder\tt\tools\eclipse-sdk-3.4.2\plugins\org.apache.ant_1.7.0.v200803061910\lib\ant-javamail.jar" />
                <pathelement location="E:\work\repo\builder\tt\tools\eclipse-sdk-3.4.2\plugins\org.apache.ant_1.7.0.v200803061910\lib\ant-jdepend.jar" />
                <pathelement location="E:\work\repo\builder\tt\tools\eclipse-sdk-3.4.2\plugins\org.apache.ant_1.7.0.v200803061910\lib\ant-jmf.jar" />
                <pathelement location="E:\work\repo\builder\tt\tools\eclipse-sdk-3.4.2\plugins\org.apache.ant_1.7.0.v200803061910\lib\ant-jsch.jar" />
                <pathelement location="E:\work\repo\builder\tt\tools\eclipse-sdk-3.4.2\plugins\org.apache.ant_1.7.0.v200803061910\lib\ant-junit.jar" />
                <pathelement location="E:\work\repo\builder\tt\tools\eclipse-sdk-3.4.2\plugins\org.apache.ant_1.7.0.v200803061910\lib\ant-launcher.jar" />
                <pathelement location="E:\work\repo\builder\tt\tools\eclipse-sdk-3.4.2\plugins\org.apache.ant_1.7.0.v200803061910\lib\ant-netrexx.jar" />
                <pathelement location="E:\work\repo\builder\tt\tools\eclipse-sdk-3.4.2\plugins\org.apache.ant_1.7.0.v200803061910\lib\ant-nodeps.jar" />
                <pathelement location="E:\work\repo\builder\tt\tools\eclipse-sdk-3.4.2\plugins\org.apache.ant_1.7.0.v200803061910\lib\ant-starteam.jar" />
                <pathelement location="E:\work\repo\builder\tt\tools\eclipse-sdk-3.4.2\plugins\org.apache.ant_1.7.0.v200803061910\lib\ant-stylebook.jar" />
                <pathelement location="E:\work\repo\builder\tt\tools\eclipse-sdk-3.4.2\plugins\org.apache.ant_1.7.0.v200803061910\lib\ant-swing.jar" />
                <pathelement location="E:\work\repo\builder\tt\tools\eclipse-sdk-3.4.2\plugins\org.apache.ant_1.7.0.v200803061910\lib\ant-trax.jar" />
                <pathelement location="E:\work\repo\builder\tt\tools\eclipse-sdk-3.4.2\plugins\org.apache.ant_1.7.0.v200803061910\lib\ant-weblogic.jar" />
            </externalclasses>
            <rename replaceClassNameStrings="true" 
                    conservemanifest="true" 
                    logfile="E:\tct1\build-artifacts\yguard2-com.tibco.tct.fom.database_1.1.0.DEV-2016-03-28-0831-YANNIS.map.gz" >
                <property value="pedantic" 
                          name="error-checking" />
                <property value="mix" 
                          name="naming-scheme" />
                <property name="obfuscation-prefix" 
                          value="com.tibco.tct.fom.database" />
                <property value="Deprecated" 
                          name="expose-attributes" />
                <keep sourcefile="true" 
                      runtimeinvisibleannotations="false" 
                      localvariabletypetable="false" 
                      runtimevisibleannotations="true" 
                      runtimeinvisibleparameterannotations="false" 
                      runtimevisibleparameterannotations="true" 
                      localvariabletable="false" 
                      linenumbertable="true" >
                    <class methods="protected" 
                           classes="public" 
                           fields="protected" >
                        <patternset >
                            <include name="com.tibco.tct.fom.common.*" />
                            <include name="com.tibco.tct.fom.database.*" />
                            <include name="com.tibco.tct.fom.database.ant.*" />
                        </patternset>
                    </class>
                    <class fields="private" 
                           implements="java.io.Serializable" 
                           methods="protected" />
                    <field name="serialVersionUID" >
                        <patternset refid="yguard.preserve.serialization.pattern" />
                    </field>
                    <method name="void writeObject(java.io.ObjectOutputStream)" >
                        <patternset refid="yguard.preserve.serialization.pattern" />
                    </method>
                    <method name="void readObject(java.io.ObjectInputStream)" >
                        <patternset refid="yguard.preserve.serialization.pattern" />
                    </method>
                    <method name="java.lang.Object writeReplace()" >
                        <patternset refid="yguard.preserve.serialization.pattern" />
                    </method>
                    <method name="java.lang.Object readResolve()" >
                        <patternset refid="yguard.preserve.serialization.pattern" />
                    </method>
                    <method name="void readObjectNoData()" >
                        <patternset refid="yguard.preserve.serialization.pattern" />
                    </method>
                </keep>
            </rename>
        </yguard2>
    </target>

    <target name="-gather-bin-parts-com.tibco.tct.fom.oms-release-update-obfuscate" >
        <yguard2 >
            <inoutpair out="E:\work\repo\builder\tt\output\tbuild\candidates\amxext\tools\FOS\2016-03-28-0905.YANNIS\jar\release\plugins\com.tibco.tct.fom.oms_1.1.0.DEV-2016-03-28-0831-YANNIS.jar" 
                       in="E:\work\repo\builder\tt\output\tbuild\candidates\amxext\tools\FOS\2016-03-28-0905.YANNIS\jar\debug\plugins\com.tibco.tct.fom.oms_1.1.0.DEV-2016-03-28-0831-YANNIS.jar" />
            <externalclasses >
                <pathelement location="F:\worksoftware\Java\jdk1.6.0_31\jre\lib/rt.jar" />
                <pathelement location="F:\worksoftware\Java\jdk1.6.0_31\jre\lib/jsse.jar" />
                <pathelement location="F:\worksoftware\Java\jdk1.6.0_31\jre\lib/jce.jar" />
                <pathelement location="E:\work\repo\builder\tt\output\tbuild\configurations\lblm\amxext\tools\FOS\extensionLoc\eclipse\plugins\com.tibco.customwizard_1.4.0.008.jar" />
                <pathelement location="E:\work\repo\builder\tt\tools\eclipse-sdk-3.4.2\plugins\org.eclipse.ui_3.4.2.M20090204-0800.jar" />
                <pathelement location="E:\work\repo\builder\tt\tools\eclipse-sdk-3.4.2\plugins\org.eclipse.core.runtime_3.4.0.v20080512.jar" />
                <pathelement location="E:\work\repo\builder\tt\tools\eclipse-sdk-3.4.2\plugins\org.eclipse.osgi_3.4.3.R34x_v20081215-1030.jar" />
                <pathelement location="E:\work\repo\builder\tt\tools\eclipse-sdk-3.4.2\plugins\org.eclipse.equinox.common_3.4.0.v20080421-2006.jar" />
                <pathelement location="E:\work\repo\builder\tt\tools\eclipse-sdk-3.4.2\plugins\org.eclipse.core.jobs_3.4.1.R34x_v20081128.jar" />
                <pathelement location="E:\work\repo\builder\tt\tools\eclipse-sdk-3.4.2\plugins\org.eclipse.equinox.registry_3.4.0.v20080516-0950.jar" />
                <pathelement location="E:\work\repo\builder\tt\tools\eclipse-sdk-3.4.2\plugins\org.eclipse.core.runtime.compatibility.registry_3.2.200.v20080610\runtime_registry_compatibility.jar" />
                <pathelement location="E:\work\repo\builder\tt\tools\eclipse-sdk-3.4.2\plugins\org.eclipse.equinox.preferences_3.2.201.R34x_v20080709.jar" />
                <pathelement location="E:\work\repo\builder\tt\tools\eclipse-sdk-3.4.2\plugins\org.eclipse.core.contenttype_3.3.0.v20080604-1400.jar" />
                <pathelement location="E:\work\repo\builder\tt\tools\eclipse-sdk-3.4.2\plugins\org.eclipse.core.runtime.compatibility.auth_3.2.100.v20070502.jar" />
                <pathelement location="E:\work\repo\builder\tt\tools\eclipse-sdk-3.4.2\plugins\org.eclipse.equinox.app_1.1.0.v20080421-2006.jar" />
                <pathelement location="E:\work\repo\builder\tt\tools\eclipse-sdk-3.4.2\plugins\org.eclipse.osgi.services_3.1.200.v20071203.jar" />
                <pathelement location="E:\work\repo\builder\tt\tools\eclipse-sdk-3.4.2\plugins\javax.servlet_2.4.0.v200806031604.jar" />
                <pathelement location="E:\work\repo\builder\tt\tools\eclipse-sdk-3.4.2\plugins\org.eclipse.swt_3.4.2.v3452b.jar" />
                <pathelement location="E:\work\repo\builder\tt\tools\eclipse-sdk-3.4.2\plugins\org.eclipse.swt.win32.win32.x86_3.4.1.v3452b.jar" />
                <pathelement location="E:\work\repo\builder\tt\tools\eclipse-sdk-3.4.2\plugins\org.eclipse.jface_3.4.2.M20090107-0800.jar" />
                <pathelement location="E:\work\repo\builder\tt\tools\eclipse-sdk-3.4.2\plugins\org.eclipse.core.commands_3.4.0.I20080509-2000.jar" />
                <pathelement location="E:\work\repo\builder\tt\tools\eclipse-sdk-3.4.2\plugins\org.eclipse.ui.workbench_3.4.2.M20090127-1700.jar" />
                <pathelement location="E:\work\repo\builder\tt\tools\eclipse-sdk-3.4.2\plugins\org.eclipse.help_3.3.102.v20081014_34x.jar" />
                <pathelement location="E:\work\repo\builder\tt\tools\eclipse-sdk-3.4.2\plugins\org.eclipse.core.expressions_3.4.1.r342_v20081203-0800.jar" />
                <pathelement location="E:\work\repo\builder\tt\tools\eclipse-sdk-3.4.2\plugins\org.eclipse.jface.databinding_1.2.1.M20080827-0800a.jar" />
                <pathelement location="E:\work\repo\builder\tt\tools\eclipse-sdk-3.4.2\plugins\org.eclipse.core.databinding_1.1.1.M20080827-0800b.jar" />
                <pathelement location="E:\work\repo\builder\tt\tools\eclipse-sdk-3.4.2\plugins\com.ibm.icu_3.8.1.v20080530.jar" />
                <pathelement location="E:\work\repo\builder\tt\tools\eclipse-sdk-3.4.2\plugins\org.eclipse.core.resources_3.4.2.R34x_v20090126.jar" />
                <pathelement location="E:\work\repo\builder\tt\tools\eclipse-sdk-3.4.2\plugins\org.eclipse.ant.core_3.2.0.v20080529.jar" />
                <pathelement location="E:\work\repo\builder\tt\tools\eclipse-sdk-3.4.2\plugins\org.eclipse.core.variables_3.2.100.v20080529-1300.jar" />
                <pathelement location="E:\work\repo\builder\tt\tools\eclipse-sdk-3.4.2\plugins\org.eclipse.core.filesystem_1.2.0.v20080604-1400.jar" />
                <pathelement location="E:\work\repo\builder\tt\tools\eclipse-sdk-3.4.2\plugins\org.eclipse.core.filesystem.win32.x86_1.1.0.v20080604-1400.jar" />
                <pathelement location="E:\work\repo\builder\tt\tools\eclipse-sdk-3.4.2\plugins\org.eclipse.core.resources.compatibility_3.4.0.v20080604-1400.jar" />
                <pathelement location="E:\work\repo\builder\tt\tools\eclipse-sdk-3.4.2\plugins\org.eclipse.core.resources.win32.x86_3.4.0.v20071204.jar" />
                <pathelement location="E:\work\repo\builder\tt\tools\eclipse-sdk-3.4.2\plugins\org.eclipse.ui.workbench.compatibility_3.2.0.I20080509-2000\compatibility.jar" />
                <pathelement location="E:\work\repo\builder\tt\output\tbuild\configurations\lblm\amxext\tools\FOS\extensionLoc\eclipse\plugins\com.tibco.tpcl.org.nuxeo.xforms.core_1.4.0.001\org.nuxeo.xforms.core.jar" />
                <pathelement location="E:\work\repo\builder\tt\output\tbuild\configurations\lblm\amxext\tools\FOS\extensionLoc\eclipse\plugins\com.tibco.tpcl.org.nuxeo.xforms.ui_1.4.0.001\org.nuxeo.xforms.ui.jar" />
                <pathelement location="E:\work\repo\builder\tt\tools\eclipse-sdk-3.4.2\plugins\org.eclipse.ui.forms_3.3.103.v20081027_34x.jar" />
                <pathelement location="E:\work\repo\builder\tt\output\tbuild\configurations\lblm\amxext\tools\FOS\extensionLoc\eclipse\plugins\com.tibco.tct.framework_1.4.0.030\tct.jar" />
                <pathelement location="E:\work\repo\builder\tt\tools\eclipse-sdk-3.4.2\plugins\org.apache.ant_1.7.0.v200803061910\lib\ant.jar" />
                <pathelement location="E:\work\repo\builder\tt\tools\eclipse-sdk-3.4.2\plugins\org.apache.ant_1.7.0.v200803061910\lib\ant-antlr.jar" />
                <pathelement location="E:\work\repo\builder\tt\tools\eclipse-sdk-3.4.2\plugins\org.apache.ant_1.7.0.v200803061910\lib\ant-apache-bcel.jar" />
                <pathelement location="E:\work\repo\builder\tt\tools\eclipse-sdk-3.4.2\plugins\org.apache.ant_1.7.0.v200803061910\lib\ant-apache-bsf.jar" />
                <pathelement location="E:\work\repo\builder\tt\tools\eclipse-sdk-3.4.2\plugins\org.apache.ant_1.7.0.v200803061910\lib\ant-apache-log4j.jar" />
                <pathelement location="E:\work\repo\builder\tt\tools\eclipse-sdk-3.4.2\plugins\org.apache.ant_1.7.0.v200803061910\lib\ant-apache-oro.jar" />
                <pathelement location="E:\work\repo\builder\tt\tools\eclipse-sdk-3.4.2\plugins\org.apache.ant_1.7.0.v200803061910\lib\ant-apache-regexp.jar" />
                <pathelement location="E:\work\repo\builder\tt\tools\eclipse-sdk-3.4.2\plugins\org.apache.ant_1.7.0.v200803061910\lib\ant-apache-resolver.jar" />
                <pathelement location="E:\work\repo\builder\tt\tools\eclipse-sdk-3.4.2\plugins\org.apache.ant_1.7.0.v200803061910\lib\ant-commons-logging.jar" />
                <pathelement location="E:\work\repo\builder\tt\tools\eclipse-sdk-3.4.2\plugins\org.apache.ant_1.7.0.v200803061910\lib\ant-commons-net.jar" />
                <pathelement location="E:\work\repo\builder\tt\tools\eclipse-sdk-3.4.2\plugins\org.apache.ant_1.7.0.v200803061910\lib\ant-jai.jar" />
                <pathelement location="E:\work\repo\builder\tt\tools\eclipse-sdk-3.4.2\plugins\org.apache.ant_1.7.0.v200803061910\lib\ant-javamail.jar" />
                <pathelement location="E:\work\repo\builder\tt\tools\eclipse-sdk-3.4.2\plugins\org.apache.ant_1.7.0.v200803061910\lib\ant-jdepend.jar" />
                <pathelement location="E:\work\repo\builder\tt\tools\eclipse-sdk-3.4.2\plugins\org.apache.ant_1.7.0.v200803061910\lib\ant-jmf.jar" />
                <pathelement location="E:\work\repo\builder\tt\tools\eclipse-sdk-3.4.2\plugins\org.apache.ant_1.7.0.v200803061910\lib\ant-jsch.jar" />
                <pathelement location="E:\work\repo\builder\tt\tools\eclipse-sdk-3.4.2\plugins\org.apache.ant_1.7.0.v200803061910\lib\ant-junit.jar" />
                <pathelement location="E:\work\repo\builder\tt\tools\eclipse-sdk-3.4.2\plugins\org.apache.ant_1.7.0.v200803061910\lib\ant-launcher.jar" />
                <pathelement location="E:\work\repo\builder\tt\tools\eclipse-sdk-3.4.2\plugins\org.apache.ant_1.7.0.v200803061910\lib\ant-netrexx.jar" />
                <pathelement location="E:\work\repo\builder\tt\tools\eclipse-sdk-3.4.2\plugins\org.apache.ant_1.7.0.v200803061910\lib\ant-nodeps.jar" />
                <pathelement location="E:\work\repo\builder\tt\tools\eclipse-sdk-3.4.2\plugins\org.apache.ant_1.7.0.v200803061910\lib\ant-starteam.jar" />
                <pathelement location="E:\work\repo\builder\tt\tools\eclipse-sdk-3.4.2\plugins\org.apache.ant_1.7.0.v200803061910\lib\ant-stylebook.jar" />
                <pathelement location="E:\work\repo\builder\tt\tools\eclipse-sdk-3.4.2\plugins\org.apache.ant_1.7.0.v200803061910\lib\ant-swing.jar" />
                <pathelement location="E:\work\repo\builder\tt\tools\eclipse-sdk-3.4.2\plugins\org.apache.ant_1.7.0.v200803061910\lib\ant-trax.jar" />
                <pathelement location="E:\work\repo\builder\tt\tools\eclipse-sdk-3.4.2\plugins\org.apache.ant_1.7.0.v200803061910\lib\ant-weblogic.jar" />
                <pathelement location="E:\work\repo\builder\tt\output\tbuild\candidates\amxext\tools\FOS\2016-03-28-0905.YANNIS\release\eclipse\plugins\com.tibco.tct.fom.database_1.1.0.DEV-2016-03-28-0831-YANNIS\tct-fom-database.jar" />
                <pathelement location="E:\work\repo\builder\tt\output\tbuild\candidates\amxext\tools\FOS\2016-03-28-0905.YANNIS\release\eclipse\plugins\com.tibco.tct.fom.database_1.1.0.DEV-2016-03-28-0831-YANNIS\commons-codec-1.4.jar" />
            </externalclasses>
            <rename conservemanifest="true" 
                    replaceClassNameStrings="true" 
                    logfile="E:\tct1\build-artifacts\yguard2-com.tibco.tct.fom.oms_1.1.0.DEV-2016-03-28-0831-YANNIS.map.gz" >
                <property value="pedantic" 
                          name="error-checking" />
                <property value="mix" 
                          name="naming-scheme" />
                <property value="com.tibco.tct.fom.oms" 
                          name="obfuscation-prefix" />
                <property value="Deprecated" 
                          name="expose-attributes" />
                <keep sourcefile="true" 
                      runtimeinvisibleannotations="false" 
                      linenumbertable="true" 
                      localvariabletable="false" 
                      runtimevisibleannotations="true" 
                      runtimeinvisibleparameterannotations="false" 
                      runtimevisibleparameterannotations="true" 
                      localvariabletypetable="false" >
                    <class methods="protected" 
                           fields="protected" 
                           classes="public" >
                        <patternset >
                            <include name="**" />
                        </patternset>
                    </class>
                    <class methods="protected" 
                           implements="java.io.Serializable" 
                           fields="private" />
                    <field name="serialVersionUID" >
                        <patternset refid="yguard.preserve.serialization.pattern" />
                    </field>
                    <method name="void writeObject(java.io.ObjectOutputStream)" >
                        <patternset refid="yguard.preserve.serialization.pattern" />
                    </method>
                    <method name="void readObject(java.io.ObjectInputStream)" >
                        <patternset refid="yguard.preserve.serialization.pattern" />
                    </method>
                    <method name="java.lang.Object writeReplace()" >
                        <patternset refid="yguard.preserve.serialization.pattern" />
                    </method>
                    <method name="java.lang.Object readResolve()" >
                        <patternset refid="yguard.preserve.serialization.pattern" />
                    </method>
                    <method name="void readObjectNoData()" >
                        <patternset refid="yguard.preserve.serialization.pattern" />
                    </method>
                </keep>
            </rename>
        </yguard2>
    </target>

    <target name="-gather-bin-parts-com.tibco.tct.fom.integration-release-update-obfuscate" >
        <yguard2 >
            <inoutpair out="E:\work\repo\builder\tt\output\tbuild\candidates\amxext\tools\FOS\2016-03-28-0905.YANNIS\jar\release\plugins\com.tibco.tct.fom.integration_1.1.0.DEV-2016-03-28-0831-YANNIS.jar" 
                       in="E:\work\repo\builder\tt\output\tbuild\candidates\amxext\tools\FOS\2016-03-28-0905.YANNIS\jar\debug\plugins\com.tibco.tct.fom.integration_1.1.0.DEV-2016-03-28-0831-YANNIS.jar" />
            <externalclasses >
                <pathelement location="F:\worksoftware\Java\jdk1.6.0_31\jre\lib/rt.jar" />
                <pathelement location="F:\worksoftware\Java\jdk1.6.0_31\jre\lib/jsse.jar" />
                <pathelement location="F:\worksoftware\Java\jdk1.6.0_31\jre\lib/jce.jar" />
                <pathelement location="E:\work\repo\builder\tt\output\tbuild\configurations\lblm\amxext\tools\FOS\extensionLoc\eclipse\plugins\com.tibco.customwizard_1.4.0.008.jar" />
                <pathelement location="E:\work\repo\builder\tt\tools\eclipse-sdk-3.4.2\plugins\org.eclipse.ui_3.4.2.M20090204-0800.jar" />
                <pathelement location="E:\work\repo\builder\tt\tools\eclipse-sdk-3.4.2\plugins\org.eclipse.core.runtime_3.4.0.v20080512.jar" />
                <pathelement location="E:\work\repo\builder\tt\tools\eclipse-sdk-3.4.2\plugins\org.eclipse.osgi_3.4.3.R34x_v20081215-1030.jar" />
                <pathelement location="E:\work\repo\builder\tt\tools\eclipse-sdk-3.4.2\plugins\org.eclipse.equinox.common_3.4.0.v20080421-2006.jar" />
                <pathelement location="E:\work\repo\builder\tt\tools\eclipse-sdk-3.4.2\plugins\org.eclipse.core.jobs_3.4.1.R34x_v20081128.jar" />
                <pathelement location="E:\work\repo\builder\tt\tools\eclipse-sdk-3.4.2\plugins\org.eclipse.equinox.registry_3.4.0.v20080516-0950.jar" />
                <pathelement location="E:\work\repo\builder\tt\tools\eclipse-sdk-3.4.2\plugins\org.eclipse.core.runtime.compatibility.registry_3.2.200.v20080610\runtime_registry_compatibility.jar" />
                <pathelement location="E:\work\repo\builder\tt\tools\eclipse-sdk-3.4.2\plugins\org.eclipse.equinox.preferences_3.2.201.R34x_v20080709.jar" />
                <pathelement location="E:\work\repo\builder\tt\tools\eclipse-sdk-3.4.2\plugins\org.eclipse.core.contenttype_3.3.0.v20080604-1400.jar" />
                <pathelement location="E:\work\repo\builder\tt\tools\eclipse-sdk-3.4.2\plugins\org.eclipse.core.runtime.compatibility.auth_3.2.100.v20070502.jar" />
                <pathelement location="E:\work\repo\builder\tt\tools\eclipse-sdk-3.4.2\plugins\org.eclipse.equinox.app_1.1.0.v20080421-2006.jar" />
                <pathelement location="E:\work\repo\builder\tt\tools\eclipse-sdk-3.4.2\plugins\org.eclipse.osgi.services_3.1.200.v20071203.jar" />
                <pathelement location="E:\work\repo\builder\tt\tools\eclipse-sdk-3.4.2\plugins\javax.servlet_2.4.0.v200806031604.jar" />
                <pathelement location="E:\work\repo\builder\tt\tools\eclipse-sdk-3.4.2\plugins\org.eclipse.swt_3.4.2.v3452b.jar" />
                <pathelement location="E:\work\repo\builder\tt\tools\eclipse-sdk-3.4.2\plugins\org.eclipse.swt.win32.win32.x86_3.4.1.v3452b.jar" />
                <pathelement location="E:\work\repo\builder\tt\tools\eclipse-sdk-3.4.2\plugins\org.eclipse.jface_3.4.2.M20090107-0800.jar" />
                <pathelement location="E:\work\repo\builder\tt\tools\eclipse-sdk-3.4.2\plugins\org.eclipse.core.commands_3.4.0.I20080509-2000.jar" />
                <pathelement location="E:\work\repo\builder\tt\tools\eclipse-sdk-3.4.2\plugins\org.eclipse.ui.workbench_3.4.2.M20090127-1700.jar" />
                <pathelement location="E:\work\repo\builder\tt\tools\eclipse-sdk-3.4.2\plugins\org.eclipse.help_3.3.102.v20081014_34x.jar" />
                <pathelement location="E:\work\repo\builder\tt\tools\eclipse-sdk-3.4.2\plugins\org.eclipse.core.expressions_3.4.1.r342_v20081203-0800.jar" />
                <pathelement location="E:\work\repo\builder\tt\tools\eclipse-sdk-3.4.2\plugins\org.eclipse.jface.databinding_1.2.1.M20080827-0800a.jar" />
                <pathelement location="E:\work\repo\builder\tt\tools\eclipse-sdk-3.4.2\plugins\org.eclipse.core.databinding_1.1.1.M20080827-0800b.jar" />
                <pathelement location="E:\work\repo\builder\tt\tools\eclipse-sdk-3.4.2\plugins\com.ibm.icu_3.8.1.v20080530.jar" />
                <pathelement location="E:\work\repo\builder\tt\tools\eclipse-sdk-3.4.2\plugins\org.eclipse.core.resources_3.4.2.R34x_v20090126.jar" />
                <pathelement location="E:\work\repo\builder\tt\tools\eclipse-sdk-3.4.2\plugins\org.eclipse.ant.core_3.2.0.v20080529.jar" />
                <pathelement location="E:\work\repo\builder\tt\tools\eclipse-sdk-3.4.2\plugins\org.eclipse.core.variables_3.2.100.v20080529-1300.jar" />
                <pathelement location="E:\work\repo\builder\tt\tools\eclipse-sdk-3.4.2\plugins\org.eclipse.core.filesystem_1.2.0.v20080604-1400.jar" />
                <pathelement location="E:\work\repo\builder\tt\tools\eclipse-sdk-3.4.2\plugins\org.eclipse.core.filesystem.win32.x86_1.1.0.v20080604-1400.jar" />
                <pathelement location="E:\work\repo\builder\tt\tools\eclipse-sdk-3.4.2\plugins\org.eclipse.core.resources.compatibility_3.4.0.v20080604-1400.jar" />
                <pathelement location="E:\work\repo\builder\tt\tools\eclipse-sdk-3.4.2\plugins\org.eclipse.core.resources.win32.x86_3.4.0.v20071204.jar" />
                <pathelement location="E:\work\repo\builder\tt\tools\eclipse-sdk-3.4.2\plugins\org.eclipse.ui.workbench.compatibility_3.2.0.I20080509-2000\compatibility.jar" />
                <pathelement location="E:\work\repo\builder\tt\output\tbuild\configurations\lblm\amxext\tools\FOS\extensionLoc\eclipse\plugins\com.tibco.tpcl.org.nuxeo.xforms.core_1.4.0.001\org.nuxeo.xforms.core.jar" />
                <pathelement location="E:\work\repo\builder\tt\output\tbuild\configurations\lblm\amxext\tools\FOS\extensionLoc\eclipse\plugins\com.tibco.tpcl.org.nuxeo.xforms.ui_1.4.0.001\org.nuxeo.xforms.ui.jar" />
                <pathelement location="E:\work\repo\builder\tt\tools\eclipse-sdk-3.4.2\plugins\org.eclipse.ui.forms_3.3.103.v20081027_34x.jar" />
                <pathelement location="E:\work\repo\builder\tt\output\tbuild\configurations\lblm\amxext\tools\FOS\extensionLoc\eclipse\plugins\com.tibco.tct.framework_1.4.0.030\tct.jar" />
                <pathelement location="E:\work\repo\builder\tt\tools\eclipse-sdk-3.4.2\plugins\org.apache.ant_1.7.0.v200803061910\lib\ant.jar" />
                <pathelement location="E:\work\repo\builder\tt\tools\eclipse-sdk-3.4.2\plugins\org.apache.ant_1.7.0.v200803061910\lib\ant-antlr.jar" />
                <pathelement location="E:\work\repo\builder\tt\tools\eclipse-sdk-3.4.2\plugins\org.apache.ant_1.7.0.v200803061910\lib\ant-apache-bcel.jar" />
                <pathelement location="E:\work\repo\builder\tt\tools\eclipse-sdk-3.4.2\plugins\org.apache.ant_1.7.0.v200803061910\lib\ant-apache-bsf.jar" />
                <pathelement location="E:\work\repo\builder\tt\tools\eclipse-sdk-3.4.2\plugins\org.apache.ant_1.7.0.v200803061910\lib\ant-apache-log4j.jar" />
                <pathelement location="E:\work\repo\builder\tt\tools\eclipse-sdk-3.4.2\plugins\org.apache.ant_1.7.0.v200803061910\lib\ant-apache-oro.jar" />
                <pathelement location="E:\work\repo\builder\tt\tools\eclipse-sdk-3.4.2\plugins\org.apache.ant_1.7.0.v200803061910\lib\ant-apache-regexp.jar" />
                <pathelement location="E:\work\repo\builder\tt\tools\eclipse-sdk-3.4.2\plugins\org.apache.ant_1.7.0.v200803061910\lib\ant-apache-resolver.jar" />
                <pathelement location="E:\work\repo\builder\tt\tools\eclipse-sdk-3.4.2\plugins\org.apache.ant_1.7.0.v200803061910\lib\ant-commons-logging.jar" />
                <pathelement location="E:\work\repo\builder\tt\tools\eclipse-sdk-3.4.2\plugins\org.apache.ant_1.7.0.v200803061910\lib\ant-commons-net.jar" />
                <pathelement location="E:\work\repo\builder\tt\tools\eclipse-sdk-3.4.2\plugins\org.apache.ant_1.7.0.v200803061910\lib\ant-jai.jar" />
                <pathelement location="E:\work\repo\builder\tt\tools\eclipse-sdk-3.4.2\plugins\org.apache.ant_1.7.0.v200803061910\lib\ant-javamail.jar" />
                <pathelement location="E:\work\repo\builder\tt\tools\eclipse-sdk-3.4.2\plugins\org.apache.ant_1.7.0.v200803061910\lib\ant-jdepend.jar" />
                <pathelement location="E:\work\repo\builder\tt\tools\eclipse-sdk-3.4.2\plugins\org.apache.ant_1.7.0.v200803061910\lib\ant-jmf.jar" />
                <pathelement location="E:\work\repo\builder\tt\tools\eclipse-sdk-3.4.2\plugins\org.apache.ant_1.7.0.v200803061910\lib\ant-jsch.jar" />
                <pathelement location="E:\work\repo\builder\tt\tools\eclipse-sdk-3.4.2\plugins\org.apache.ant_1.7.0.v200803061910\lib\ant-junit.jar" />
                <pathelement location="E:\work\repo\builder\tt\tools\eclipse-sdk-3.4.2\plugins\org.apache.ant_1.7.0.v200803061910\lib\ant-launcher.jar" />
                <pathelement location="E:\work\repo\builder\tt\tools\eclipse-sdk-3.4.2\plugins\org.apache.ant_1.7.0.v200803061910\lib\ant-netrexx.jar" />
                <pathelement location="E:\work\repo\builder\tt\tools\eclipse-sdk-3.4.2\plugins\org.apache.ant_1.7.0.v200803061910\lib\ant-nodeps.jar" />
                <pathelement location="E:\work\repo\builder\tt\tools\eclipse-sdk-3.4.2\plugins\org.apache.ant_1.7.0.v200803061910\lib\ant-starteam.jar" />
                <pathelement location="E:\work\repo\builder\tt\tools\eclipse-sdk-3.4.2\plugins\org.apache.ant_1.7.0.v200803061910\lib\ant-stylebook.jar" />
                <pathelement location="E:\work\repo\builder\tt\tools\eclipse-sdk-3.4.2\plugins\org.apache.ant_1.7.0.v200803061910\lib\ant-swing.jar" />
                <pathelement location="E:\work\repo\builder\tt\tools\eclipse-sdk-3.4.2\plugins\org.apache.ant_1.7.0.v200803061910\lib\ant-trax.jar" />
                <pathelement location="E:\work\repo\builder\tt\tools\eclipse-sdk-3.4.2\plugins\org.apache.ant_1.7.0.v200803061910\lib\ant-weblogic.jar" />
                <pathelement location="E:\work\repo\builder\tt\output\tbuild\candidates\amxext\tools\FOS\2016-03-28-0905.YANNIS\release\eclipse\plugins\com.tibco.tct.fom.database_1.1.0.DEV-2016-03-28-0831-YANNIS\tct-fom-database.jar" />
                <pathelement location="E:\work\repo\builder\tt\output\tbuild\candidates\amxext\tools\FOS\2016-03-28-0905.YANNIS\release\eclipse\plugins\com.tibco.tct.fom.database_1.1.0.DEV-2016-03-28-0831-YANNIS\commons-codec-1.4.jar" />
            </externalclasses>
            <rename conservemanifest="true" 
                    replaceClassNameStrings="true" 
                    logfile="E:\tct1\build-artifacts\yguard2-com.tibco.tct.fom.integration_1.1.0.DEV-2016-03-28-0831-YANNIS.map.gz" >
                <property value="pedantic" 
                          name="error-checking" />
                <property name="naming-scheme" 
                          value="mix" />
                <property value="com.tibco.tct.fom.integration" 
                          name="obfuscation-prefix" />
                <property name="expose-attributes" 
                          value="Deprecated" />
                <keep localvariabletable="false" 
                      runtimeinvisibleannotations="false" 
                      runtimevisibleannotations="true" 
                      runtimevisibleparameterannotations="true" 
                      runtimeinvisibleparameterannotations="false" 
                      localvariabletypetable="false" 
                      sourcefile="true" 
                      linenumbertable="true" >
                    <class fields="protected" 
                           methods="protected" 
                           classes="public" >
                        <patternset >
                            <include name="**" />
                        </patternset>
                    </class>
                    <class methods="protected" 
                           implements="java.io.Serializable" 
                           fields="private" />
                    <field name="serialVersionUID" >
                        <patternset refid="yguard.preserve.serialization.pattern" />
                    </field>
                    <method name="void writeObject(java.io.ObjectOutputStream)" >
                        <patternset refid="yguard.preserve.serialization.pattern" />
                    </method>
                    <method name="void readObject(java.io.ObjectInputStream)" >
                        <patternset refid="yguard.preserve.serialization.pattern" />
                    </method>
                    <method name="java.lang.Object writeReplace()" >
                        <patternset refid="yguard.preserve.serialization.pattern" />
                    </method>
                    <method name="java.lang.Object readResolve()" >
                        <patternset refid="yguard.preserve.serialization.pattern" />
                    </method>
                    <method name="void readObjectNoData()" >
                        <patternset refid="yguard.preserve.serialization.pattern" />
                    </method>
                </keep>
            </rename>
        </yguard2>
    </target>

    <target name="-gather-bin-parts-com.tibco.tct.fom.messaging-release-update-obfuscate" >
        <yguard2 >
            <inoutpair out="E:\work\repo\builder\tt\output\tbuild\candidates\amxext\tools\FOS\2016-03-28-0905.YANNIS\jar\release\plugins\com.tibco.tct.fom.messaging_1.1.0.DEV-2016-03-28-0831-YANNIS.jar" 
                       in="E:\work\repo\builder\tt\output\tbuild\candidates\amxext\tools\FOS\2016-03-28-0905.YANNIS\jar\debug\plugins\com.tibco.tct.fom.messaging_1.1.0.DEV-2016-03-28-0831-YANNIS.jar" />
            <externalclasses >
                <pathelement location="F:\worksoftware\Java\jdk1.6.0_31\jre\lib/rt.jar" />
                <pathelement location="F:\worksoftware\Java\jdk1.6.0_31\jre\lib/jsse.jar" />
                <pathelement location="F:\worksoftware\Java\jdk1.6.0_31\jre\lib/jce.jar" />
                <pathelement location="E:\work\repo\builder\tt\output\tbuild\configurations\lblm\amxext\tools\FOS\extensionLoc\eclipse\plugins\com.tibco.customwizard_1.4.0.008.jar" />
                <pathelement location="E:\work\repo\builder\tt\tools\eclipse-sdk-3.4.2\plugins\org.eclipse.ui_3.4.2.M20090204-0800.jar" />
                <pathelement location="E:\work\repo\builder\tt\tools\eclipse-sdk-3.4.2\plugins\org.eclipse.core.runtime_3.4.0.v20080512.jar" />
                <pathelement location="E:\work\repo\builder\tt\tools\eclipse-sdk-3.4.2\plugins\org.eclipse.osgi_3.4.3.R34x_v20081215-1030.jar" />
                <pathelement location="E:\work\repo\builder\tt\tools\eclipse-sdk-3.4.2\plugins\org.eclipse.equinox.common_3.4.0.v20080421-2006.jar" />
                <pathelement location="E:\work\repo\builder\tt\tools\eclipse-sdk-3.4.2\plugins\org.eclipse.core.jobs_3.4.1.R34x_v20081128.jar" />
                <pathelement location="E:\work\repo\builder\tt\tools\eclipse-sdk-3.4.2\plugins\org.eclipse.equinox.registry_3.4.0.v20080516-0950.jar" />
                <pathelement location="E:\work\repo\builder\tt\tools\eclipse-sdk-3.4.2\plugins\org.eclipse.core.runtime.compatibility.registry_3.2.200.v20080610\runtime_registry_compatibility.jar" />
                <pathelement location="E:\work\repo\builder\tt\tools\eclipse-sdk-3.4.2\plugins\org.eclipse.equinox.preferences_3.2.201.R34x_v20080709.jar" />
                <pathelement location="E:\work\repo\builder\tt\tools\eclipse-sdk-3.4.2\plugins\org.eclipse.core.contenttype_3.3.0.v20080604-1400.jar" />
                <pathelement location="E:\work\repo\builder\tt\tools\eclipse-sdk-3.4.2\plugins\org.eclipse.core.runtime.compatibility.auth_3.2.100.v20070502.jar" />
                <pathelement location="E:\work\repo\builder\tt\tools\eclipse-sdk-3.4.2\plugins\org.eclipse.equinox.app_1.1.0.v20080421-2006.jar" />
                <pathelement location="E:\work\repo\builder\tt\tools\eclipse-sdk-3.4.2\plugins\org.eclipse.osgi.services_3.1.200.v20071203.jar" />
                <pathelement location="E:\work\repo\builder\tt\tools\eclipse-sdk-3.4.2\plugins\javax.servlet_2.4.0.v200806031604.jar" />
                <pathelement location="E:\work\repo\builder\tt\tools\eclipse-sdk-3.4.2\plugins\org.eclipse.swt_3.4.2.v3452b.jar" />
                <pathelement location="E:\work\repo\builder\tt\tools\eclipse-sdk-3.4.2\plugins\org.eclipse.swt.win32.win32.x86_3.4.1.v3452b.jar" />
                <pathelement location="E:\work\repo\builder\tt\tools\eclipse-sdk-3.4.2\plugins\org.eclipse.jface_3.4.2.M20090107-0800.jar" />
                <pathelement location="E:\work\repo\builder\tt\tools\eclipse-sdk-3.4.2\plugins\org.eclipse.core.commands_3.4.0.I20080509-2000.jar" />
                <pathelement location="E:\work\repo\builder\tt\tools\eclipse-sdk-3.4.2\plugins\org.eclipse.ui.workbench_3.4.2.M20090127-1700.jar" />
                <pathelement location="E:\work\repo\builder\tt\tools\eclipse-sdk-3.4.2\plugins\org.eclipse.help_3.3.102.v20081014_34x.jar" />
                <pathelement location="E:\work\repo\builder\tt\tools\eclipse-sdk-3.4.2\plugins\org.eclipse.core.expressions_3.4.1.r342_v20081203-0800.jar" />
                <pathelement location="E:\work\repo\builder\tt\tools\eclipse-sdk-3.4.2\plugins\org.eclipse.jface.databinding_1.2.1.M20080827-0800a.jar" />
                <pathelement location="E:\work\repo\builder\tt\tools\eclipse-sdk-3.4.2\plugins\org.eclipse.core.databinding_1.1.1.M20080827-0800b.jar" />
                <pathelement location="E:\work\repo\builder\tt\tools\eclipse-sdk-3.4.2\plugins\com.ibm.icu_3.8.1.v20080530.jar" />
                <pathelement location="E:\work\repo\builder\tt\tools\eclipse-sdk-3.4.2\plugins\org.eclipse.core.resources_3.4.2.R34x_v20090126.jar" />
                <pathelement location="E:\work\repo\builder\tt\tools\eclipse-sdk-3.4.2\plugins\org.eclipse.ant.core_3.2.0.v20080529.jar" />
                <pathelement location="E:\work\repo\builder\tt\tools\eclipse-sdk-3.4.2\plugins\org.eclipse.core.variables_3.2.100.v20080529-1300.jar" />
                <pathelement location="E:\work\repo\builder\tt\tools\eclipse-sdk-3.4.2\plugins\org.eclipse.core.filesystem_1.2.0.v20080604-1400.jar" />
                <pathelement location="E:\work\repo\builder\tt\tools\eclipse-sdk-3.4.2\plugins\org.eclipse.core.filesystem.win32.x86_1.1.0.v20080604-1400.jar" />
                <pathelement location="E:\work\repo\builder\tt\tools\eclipse-sdk-3.4.2\plugins\org.eclipse.core.resources.compatibility_3.4.0.v20080604-1400.jar" />
                <pathelement location="E:\work\repo\builder\tt\tools\eclipse-sdk-3.4.2\plugins\org.eclipse.core.resources.win32.x86_3.4.0.v20071204.jar" />
                <pathelement location="E:\work\repo\builder\tt\tools\eclipse-sdk-3.4.2\plugins\org.eclipse.ui.workbench.compatibility_3.2.0.I20080509-2000\compatibility.jar" />
                <pathelement location="E:\work\repo\builder\tt\output\tbuild\configurations\lblm\amxext\tools\FOS\extensionLoc\eclipse\plugins\com.tibco.tpcl.org.nuxeo.xforms.core_1.4.0.001\org.nuxeo.xforms.core.jar" />
                <pathelement location="E:\work\repo\builder\tt\output\tbuild\configurations\lblm\amxext\tools\FOS\extensionLoc\eclipse\plugins\com.tibco.tpcl.org.nuxeo.xforms.ui_1.4.0.001\org.nuxeo.xforms.ui.jar" />
                <pathelement location="E:\work\repo\builder\tt\tools\eclipse-sdk-3.4.2\plugins\org.eclipse.ui.forms_3.3.103.v20081027_34x.jar" />
                <pathelement location="E:\work\repo\builder\tt\output\tbuild\configurations\lblm\amxext\tools\FOS\extensionLoc\eclipse\plugins\com.tibco.tct.framework_1.4.0.030\tct.jar" />
                <pathelement location="E:\work\repo\builder\tt\tools\eclipse-sdk-3.4.2\plugins\org.apache.ant_1.7.0.v200803061910\lib\ant.jar" />
                <pathelement location="E:\work\repo\builder\tt\tools\eclipse-sdk-3.4.2\plugins\org.apache.ant_1.7.0.v200803061910\lib\ant-antlr.jar" />
                <pathelement location="E:\work\repo\builder\tt\tools\eclipse-sdk-3.4.2\plugins\org.apache.ant_1.7.0.v200803061910\lib\ant-apache-bcel.jar" />
                <pathelement location="E:\work\repo\builder\tt\tools\eclipse-sdk-3.4.2\plugins\org.apache.ant_1.7.0.v200803061910\lib\ant-apache-bsf.jar" />
                <pathelement location="E:\work\repo\builder\tt\tools\eclipse-sdk-3.4.2\plugins\org.apache.ant_1.7.0.v200803061910\lib\ant-apache-log4j.jar" />
                <pathelement location="E:\work\repo\builder\tt\tools\eclipse-sdk-3.4.2\plugins\org.apache.ant_1.7.0.v200803061910\lib\ant-apache-oro.jar" />
                <pathelement location="E:\work\repo\builder\tt\tools\eclipse-sdk-3.4.2\plugins\org.apache.ant_1.7.0.v200803061910\lib\ant-apache-regexp.jar" />
                <pathelement location="E:\work\repo\builder\tt\tools\eclipse-sdk-3.4.2\plugins\org.apache.ant_1.7.0.v200803061910\lib\ant-apache-resolver.jar" />
                <pathelement location="E:\work\repo\builder\tt\tools\eclipse-sdk-3.4.2\plugins\org.apache.ant_1.7.0.v200803061910\lib\ant-commons-logging.jar" />
                <pathelement location="E:\work\repo\builder\tt\tools\eclipse-sdk-3.4.2\plugins\org.apache.ant_1.7.0.v200803061910\lib\ant-commons-net.jar" />
                <pathelement location="E:\work\repo\builder\tt\tools\eclipse-sdk-3.4.2\plugins\org.apache.ant_1.7.0.v200803061910\lib\ant-jai.jar" />
                <pathelement location="E:\work\repo\builder\tt\tools\eclipse-sdk-3.4.2\plugins\org.apache.ant_1.7.0.v200803061910\lib\ant-javamail.jar" />
                <pathelement location="E:\work\repo\builder\tt\tools\eclipse-sdk-3.4.2\plugins\org.apache.ant_1.7.0.v200803061910\lib\ant-jdepend.jar" />
                <pathelement location="E:\work\repo\builder\tt\tools\eclipse-sdk-3.4.2\plugins\org.apache.ant_1.7.0.v200803061910\lib\ant-jmf.jar" />
                <pathelement location="E:\work\repo\builder\tt\tools\eclipse-sdk-3.4.2\plugins\org.apache.ant_1.7.0.v200803061910\lib\ant-jsch.jar" />
                <pathelement location="E:\work\repo\builder\tt\tools\eclipse-sdk-3.4.2\plugins\org.apache.ant_1.7.0.v200803061910\lib\ant-junit.jar" />
                <pathelement location="E:\work\repo\builder\tt\tools\eclipse-sdk-3.4.2\plugins\org.apache.ant_1.7.0.v200803061910\lib\ant-launcher.jar" />
                <pathelement location="E:\work\repo\builder\tt\tools\eclipse-sdk-3.4.2\plugins\org.apache.ant_1.7.0.v200803061910\lib\ant-netrexx.jar" />
                <pathelement location="E:\work\repo\builder\tt\tools\eclipse-sdk-3.4.2\plugins\org.apache.ant_1.7.0.v200803061910\lib\ant-nodeps.jar" />
                <pathelement location="E:\work\repo\builder\tt\tools\eclipse-sdk-3.4.2\plugins\org.apache.ant_1.7.0.v200803061910\lib\ant-starteam.jar" />
                <pathelement location="E:\work\repo\builder\tt\tools\eclipse-sdk-3.4.2\plugins\org.apache.ant_1.7.0.v200803061910\lib\ant-stylebook.jar" />
                <pathelement location="E:\work\repo\builder\tt\tools\eclipse-sdk-3.4.2\plugins\org.apache.ant_1.7.0.v200803061910\lib\ant-swing.jar" />
                <pathelement location="E:\work\repo\builder\tt\tools\eclipse-sdk-3.4.2\plugins\org.apache.ant_1.7.0.v200803061910\lib\ant-trax.jar" />
                <pathelement location="E:\work\repo\builder\tt\tools\eclipse-sdk-3.4.2\plugins\org.apache.ant_1.7.0.v200803061910\lib\ant-weblogic.jar" />
                <pathelement location="E:\work\repo\builder\tt\output\tbuild\candidates\amxext\tools\FOS\2016-03-28-0905.YANNIS\release\eclipse\plugins\com.tibco.tct.fom.database_1.1.0.DEV-2016-03-28-0831-YANNIS\tct-fom-database.jar" />
                <pathelement location="E:\work\repo\builder\tt\output\tbuild\candidates\amxext\tools\FOS\2016-03-28-0905.YANNIS\release\eclipse\plugins\com.tibco.tct.fom.database_1.1.0.DEV-2016-03-28-0831-YANNIS\commons-codec-1.4.jar" />
            </externalclasses>
            <rename logfile="E:\tct1\build-artifacts\yguard2-com.tibco.tct.fom.messaging_1.1.0.DEV-2016-03-28-0831-YANNIS.map.gz" 
                    conservemanifest="true" 
                    replaceClassNameStrings="true" >
                <property value="pedantic" 
                          name="error-checking" />
                <property name="naming-scheme" 
                          value="mix" />
                <property name="obfuscation-prefix" 
                          value="com.tibco.tct.fom.messaging" />
                <property name="expose-attributes" 
                          value="Deprecated" />
                <keep localvariabletable="false" 
                      localvariabletypetable="false" 
                      runtimeinvisibleparameterannotations="false" 
                      linenumbertable="true" 
                      runtimevisibleannotations="true" 
                      runtimevisibleparameterannotations="true" 
                      runtimeinvisibleannotations="false" 
                      sourcefile="true" >
                    <class methods="protected" 
                           classes="public" 
                           fields="protected" >
                        <patternset >
                            <include name="**" />
                        </patternset>
                    </class>
                    <class fields="private" 
                           methods="protected" 
                           implements="java.io.Serializable" />
                    <field name="serialVersionUID" >
                        <patternset refid="yguard.preserve.serialization.pattern" />
                    </field>
                    <method name="void writeObject(java.io.ObjectOutputStream)" >
                        <patternset refid="yguard.preserve.serialization.pattern" />
                    </method>
                    <method name="void readObject(java.io.ObjectInputStream)" >
                        <patternset refid="yguard.preserve.serialization.pattern" />
                    </method>
                    <method name="java.lang.Object writeReplace()" >
                        <patternset refid="yguard.preserve.serialization.pattern" />
                    </method>
                    <method name="java.lang.Object readResolve()" >
                        <patternset refid="yguard.preserve.serialization.pattern" />
                    </method>
                    <method name="void readObjectNoData()" >
                        <patternset refid="yguard.preserve.serialization.pattern" />
                    </method>
                </keep>
            </rename>
        </yguard2>
    </target>
</project>
